role	release	protocol	source_root	patch_sha256	item_stack_sha256	patch_values	untrusted_length_prefix
client	1.20.5	766	client-sources/1.20.5	7d88e42e2d2ce4579d2c3be4c8927d1d18f148213353ad3d88314255721c3b0b	3775a7d434a5143e97f75884a2e34641ab15e80d3b1dfaf42831a8e207d20c6f	release-codec	none
server	1.20.5	766	sources/1.20.5/Spigot-Server/main/java	e72c4c62532e96ebc1866d1f078236e55be00d25b78b5947670fbaf2e182f3d3	d352205c6ef06a356b8d2559750e67e370207c957c93d5a0500f2a0b148b8036	release-codec	none
server	1.20.5	766	sources/1.20.5/CraftBukkit/main/java	e72c4c62532e96ebc1866d1f078236e55be00d25b78b5947670fbaf2e182f3d3	230340191e3272527bd8f2df465f77fb05777a38c3d3b9d69bfb3eb7660ea4b9	release-codec	none
client	1.20.6	766	client-sources/1.20.6	031b7be806b2ecb73cd926dc5f179a3f82243015c3226fc9836d82946555aa1a	eced515a3f84e623b46035a7c903fed041a022b215dfc1c1ecb002e44fb04659	release-codec	none
server	1.20.6	766	sources/1.20.6/Spigot-Server/main/java	e72c4c62532e96ebc1866d1f078236e55be00d25b78b5947670fbaf2e182f3d3	d352205c6ef06a356b8d2559750e67e370207c957c93d5a0500f2a0b148b8036	release-codec	none
server	1.20.6	766	sources/1.20.6/CraftBukkit/main/java	e72c4c62532e96ebc1866d1f078236e55be00d25b78b5947670fbaf2e182f3d3	230340191e3272527bd8f2df465f77fb05777a38c3d3b9d69bfb3eb7660ea4b9	release-codec	none
client	1.21	767	client-sources/1.21	df8dd8c45819870a32baed4f59ce833dcfacf69fb1bf66e16294d5c6d0fb482d	5a091709c8895275495b978c0f9ee38bebddda6cbb81c4fbf13d6d60a15a9a87	release-codec	none
server	1.21	767	sources/1.21/Spigot-Server/main/java	3da82dcafb1bd16d1c39f7270cfb811c31f756c5d90af2b79a49504514f89098	9ed35c92b38f2f5f067a1d3bc0c7f6a8b66a96d3d33e604c19a90776e1a1ca55	release-codec	none
server	1.21	767	sources/1.21/CraftBukkit/main/java	3da82dcafb1bd16d1c39f7270cfb811c31f756c5d90af2b79a49504514f89098	ec40ca59e56f1a7139627ffc7b1140de8ee567d6019775ffaeb66f087832fb9d	release-codec	none
client	1.21.1	767	client-sources/1.21.1	df8dd8c45819870a32baed4f59ce833dcfacf69fb1bf66e16294d5c6d0fb482d	5a091709c8895275495b978c0f9ee38bebddda6cbb81c4fbf13d6d60a15a9a87	release-codec	none
server	1.21.1	767	sources/1.21.1/Spigot-Server/main/java	3da82dcafb1bd16d1c39f7270cfb811c31f756c5d90af2b79a49504514f89098	9ed35c92b38f2f5f067a1d3bc0c7f6a8b66a96d3d33e604c19a90776e1a1ca55	release-codec	none
server	1.21.1	767	sources/1.21.1/CraftBukkit/main/java	3da82dcafb1bd16d1c39f7270cfb811c31f756c5d90af2b79a49504514f89098	ec40ca59e56f1a7139627ffc7b1140de8ee567d6019775ffaeb66f087832fb9d	release-codec	none
client	1.21.2	768	client-sources/1.21.2	83794f9f786a3fed940ee27ec4ad017edd2b91d0303a78372ef2c23dacfa3657	6eb28f8ea1c47921b4a3ea9d57cabf53a1d2f56c102cd914e4610d462a0c1bf0	release-codec	none
server	1.21.2	768	sources/1.21.2/Spigot-Server/main/java	4b00b8436a69c4d47aa66c47a4b4e6e32b1679453f877e9517c1e605c23ee285	efe733cb26c33f2fb3a94829725d642105e5bd4f64a4e73d8986b5a9712177e8	release-codec	none
server	1.21.2	768	sources/1.21.2/CraftBukkit/main/java	4b00b8436a69c4d47aa66c47a4b4e6e32b1679453f877e9517c1e605c23ee285	273e481e817e2ac46531cf24f0d2a0ac518cfccd58e6d181eb89b2043d563ff4	release-codec	none
client	1.21.3	768	client-sources/1.21.3	f95cb7b5b07d3a6a8b66b56f3a194212db14ddfcd5b31c4e013de7e84b2905ef	73226632c29826d93cdf6b12949764172be2a9d4453273b46e30bdee9d42b9a4	release-codec	none
server	1.21.3	768	sources/1.21.3/Spigot-Server/main/java	4b00b8436a69c4d47aa66c47a4b4e6e32b1679453f877e9517c1e605c23ee285	efe733cb26c33f2fb3a94829725d642105e5bd4f64a4e73d8986b5a9712177e8	release-codec	none
server	1.21.3	768	sources/1.21.3/CraftBukkit/main/java	4b00b8436a69c4d47aa66c47a4b4e6e32b1679453f877e9517c1e605c23ee285	273e481e817e2ac46531cf24f0d2a0ac518cfccd58e6d181eb89b2043d563ff4	release-codec	none
client	1.21.4	769	client-sources/1.21.4	f3241d98b331738c5b88c68b21105289b8700d8afa13a29aa61658bf4117ee19	cd7153a34e92cbeff7d3823de9b0ba00faecfd8a66fac96098897ebd3126b86b	release-codec	none
server	1.21.4	769	sources/1.21.4/Spigot-Server/main/java	4b00b8436a69c4d47aa66c47a4b4e6e32b1679453f877e9517c1e605c23ee285	6d53bdacd0a746a355917992f0e53ea8aa0843ae06dcf77cb753e29aa874c974	release-codec	none
server	1.21.4	769	sources/1.21.4/CraftBukkit/main/java	4b00b8436a69c4d47aa66c47a4b4e6e32b1679453f877e9517c1e605c23ee285	ebd6811783c11b2f0ba5ba1498d79d17598deb1e962e77f84f41c05ee48215f7	release-codec	none
client	1.21.5	770	client-sources/1.21.5	9f60588b144bcf2cc4fbfa2323350f226e933829690965017ffa1fcfd3894c4a	335ed8d8d6b5c764bdabe8a7f47a5490a722047ab5f6a8eb988f128af59cde0e	release-codec	varint-length
server	1.21.5	770	sources/1.21.5/Spigot-Server/main/java	1d1ef81af14dc0783ea6b9b22a19917f746ea81ff46d19463d311b88c018cd93	836c8bf2fbaffb4bfd24ba1fa1334665cb2e46af7262d7e9443cdb4b85b3fa0a	release-codec	varint-length
server	1.21.5	770	sources/1.21.5/CraftBukkit/main/java	1d1ef81af14dc0783ea6b9b22a19917f746ea81ff46d19463d311b88c018cd93	47af6842fccc91edc388f1309391debb0df5e24efe421c0b3785e96747283e03	release-codec	varint-length
client	1.21.6	771	client-sources/1.21.6	fe2f9d1fc259609aceaf1adad44d92b5c3f1a867232e98d89736d13eea458232	59f2cdb98208fb97fd868b0d836f39c036f492c22b1eda95e7cf88ec746e31ec	release-codec	varint-length
server	1.21.6	771	sources/1.21.6/Spigot-Server/main/java	259d276739c59ff3054b3f93c4a65404a73a97050b7cc6f3f60c43a8a3416d97	e6b3326475fbbc5904b3195f52c5260bb886f2532c7bd0bd53736306861c5ad4	release-codec	varint-length
server	1.21.6	771	sources/1.21.6/CraftBukkit/main/java	259d276739c59ff3054b3f93c4a65404a73a97050b7cc6f3f60c43a8a3416d97	3fd835667030936cd7f8a1dc37422f6d838f68aa1ba6a82edae979cd5aa5f8f9	release-codec	varint-length
client	1.21.7	772	client-sources/1.21.7	fe2f9d1fc259609aceaf1adad44d92b5c3f1a867232e98d89736d13eea458232	59f2cdb98208fb97fd868b0d836f39c036f492c22b1eda95e7cf88ec746e31ec	release-codec	varint-length
server	1.21.7	772	sources/1.21.7/Spigot-Server/main/java	259d276739c59ff3054b3f93c4a65404a73a97050b7cc6f3f60c43a8a3416d97	e6b3326475fbbc5904b3195f52c5260bb886f2532c7bd0bd53736306861c5ad4	release-codec	varint-length
server	1.21.7	772	sources/1.21.7/CraftBukkit/main/java	259d276739c59ff3054b3f93c4a65404a73a97050b7cc6f3f60c43a8a3416d97	3fd835667030936cd7f8a1dc37422f6d838f68aa1ba6a82edae979cd5aa5f8f9	release-codec	varint-length
client	1.21.8	772	client-sources/1.21.8	fe2f9d1fc259609aceaf1adad44d92b5c3f1a867232e98d89736d13eea458232	59f2cdb98208fb97fd868b0d836f39c036f492c22b1eda95e7cf88ec746e31ec	release-codec	varint-length
server	1.21.8	772	sources/1.21.8/Spigot-Server/main/java	259d276739c59ff3054b3f93c4a65404a73a97050b7cc6f3f60c43a8a3416d97	e6b3326475fbbc5904b3195f52c5260bb886f2532c7bd0bd53736306861c5ad4	release-codec	varint-length
server	1.21.8	772	sources/1.21.8/CraftBukkit/main/java	259d276739c59ff3054b3f93c4a65404a73a97050b7cc6f3f60c43a8a3416d97	3fd835667030936cd7f8a1dc37422f6d838f68aa1ba6a82edae979cd5aa5f8f9	release-codec	varint-length
client	1.21.9	773	client-sources/1.21.9	fe2f9d1fc259609aceaf1adad44d92b5c3f1a867232e98d89736d13eea458232	e05c4bd33b99b303454d9869ca125e537e149a8bc1d55f2ea8a40ce4515c07c1	release-codec	varint-length
server	1.21.9	773	sources/1.21.9/Spigot-Server/main/java	259d276739c59ff3054b3f93c4a65404a73a97050b7cc6f3f60c43a8a3416d97	751c129c2371962ff9aadf7990711442948853acb0b7e3d628734c32d6041527	release-codec	varint-length
server	1.21.9	773	sources/1.21.9/CraftBukkit/main/java	259d276739c59ff3054b3f93c4a65404a73a97050b7cc6f3f60c43a8a3416d97	279f3896a7b96fd89a6a01c07f72812c9a50c5b2aa62923c75a5ee330df7677d	release-codec	varint-length
client	1.21.10	773	client-sources/1.21.10	fdb75ae69285d265eb46a61ff581b7632fa096b249014bae64ecee41837bd759	e05c4bd33b99b303454d9869ca125e537e149a8bc1d55f2ea8a40ce4515c07c1	release-codec	varint-length
server	1.21.10	773	sources/1.21.10/Spigot-Server/main/java	259d276739c59ff3054b3f93c4a65404a73a97050b7cc6f3f60c43a8a3416d97	751c129c2371962ff9aadf7990711442948853acb0b7e3d628734c32d6041527	release-codec	varint-length
server	1.21.10	773	sources/1.21.10/CraftBukkit/main/java	259d276739c59ff3054b3f93c4a65404a73a97050b7cc6f3f60c43a8a3416d97	279f3896a7b96fd89a6a01c07f72812c9a50c5b2aa62923c75a5ee330df7677d	release-codec	varint-length
client	1.21.11	774	client-sources/1.21.11	f0143d3cecb2d7ec62ea2515e646d6a190361002037c89a37a2d3a7ad2472b91	da0ec4fac9cdea60163eb4607e35bcfc9d91d697a38da5423775a4f8eff091d7	release-codec	varint-length
server	1.21.11	774	sources/1.21.11/Spigot-Server/main/java	2a4cb9df9abf1b7b317b30dd8b5ef875326d9b5e207dfcf1e84856f642a48bd7	8fb3917df205d1acd1321edb3314ecf93d27ea6273d1d42413e60890025e778c	release-codec	varint-length
server	1.21.11	774	sources/1.21.11/CraftBukkit/main/java	2a4cb9df9abf1b7b317b30dd8b5ef875326d9b5e207dfcf1e84856f642a48bd7	8be53e8e6699a725006821d8bc110f06a7dccda6d15a13e920a11f1e587dd659	release-codec	varint-length
client	26.1	775	client-sources/26.1	4833ecfa17b4d2260a9ee7ce538f4948fbb7bc577124831f2d0bcb5ba54c57a0	db408ae12ba88a7e83a348311d827dc95d49c807d9d2b64ad49fc2a05cc21d66	release-codec	varint-length
server	26.1	775	sources/26.1/Spigot-Server/main/java	e1401cf3316984588c63c88c9553e7cbd256923f84517804d64e6ad7c1cc16fd	7c6d07f73be5f10e5c00ff176a8ec7a3e8645709ea91a8fe311f8ab1e074f14c	release-codec	varint-length
server	26.1	775	sources/26.1/CraftBukkit/main/java	e1401cf3316984588c63c88c9553e7cbd256923f84517804d64e6ad7c1cc16fd	079960667e9a308252cd755f07da46074d00c73d8605270c3aa222f804cd4faf	release-codec	varint-length
client	26.1.1	775	client-sources/26.1.1	4833ecfa17b4d2260a9ee7ce538f4948fbb7bc577124831f2d0bcb5ba54c57a0	db408ae12ba88a7e83a348311d827dc95d49c807d9d2b64ad49fc2a05cc21d66	release-codec	varint-length
server	26.1.1	775	sources/26.1.1/Spigot-Server/main/java	e1401cf3316984588c63c88c9553e7cbd256923f84517804d64e6ad7c1cc16fd	7c6d07f73be5f10e5c00ff176a8ec7a3e8645709ea91a8fe311f8ab1e074f14c	release-codec	varint-length
server	26.1.1	775	sources/26.1.1/CraftBukkit/main/java	e1401cf3316984588c63c88c9553e7cbd256923f84517804d64e6ad7c1cc16fd	079960667e9a308252cd755f07da46074d00c73d8605270c3aa222f804cd4faf	release-codec	varint-length
client	26.1.2	775	client-sources/26.1.2	4833ecfa17b4d2260a9ee7ce538f4948fbb7bc577124831f2d0bcb5ba54c57a0	db408ae12ba88a7e83a348311d827dc95d49c807d9d2b64ad49fc2a05cc21d66	release-codec	varint-length
server	26.1.2	775	sources/26.1.2/Spigot-Server/main/java	e1401cf3316984588c63c88c9553e7cbd256923f84517804d64e6ad7c1cc16fd	7c6d07f73be5f10e5c00ff176a8ec7a3e8645709ea91a8fe311f8ab1e074f14c	release-codec	varint-length
server	26.1.2	775	sources/26.1.2/CraftBukkit/main/java	e1401cf3316984588c63c88c9553e7cbd256923f84517804d64e6ad7c1cc16fd	079960667e9a308252cd755f07da46074d00c73d8605270c3aa222f804cd4faf	release-codec	varint-length
client	26.2	776	client-sources/26.2	4833ecfa17b4d2260a9ee7ce538f4948fbb7bc577124831f2d0bcb5ba54c57a0	a797cb805fabc2be6e4b3e4b36b93fc5e6ebc6b9558929f34de938c566ef2b39	release-codec	varint-length
client	26.2	776	MinecraftSourcesGenerator/sources/26.2	4833ecfa17b4d2260a9ee7ce538f4948fbb7bc577124831f2d0bcb5ba54c57a0	a797cb805fabc2be6e4b3e4b36b93fc5e6ebc6b9558929f34de938c566ef2b39	release-codec	varint-length
